JUDGE_ID,NAME_FIRST,NAME_MIDDLE,NAME_LAST,NAME_SUFFIX,NICKNAME,BIRTH_DATE,BIRTH_CITY,BIRTH_STATE,BIRTH_COUNTRY,DEATH_DATE,DEATH_CITY,DEATH_STATE,DEATH_COUNTRY,GENDER,RACE,RELIGION,POLITICAL_PARTY
bnk-1,David,Sims,Crawford,,Sims,,,,,,,,,Male,White,,
mag-177,Gray,Michael,Borden,,,1980,Montgomery,AL,United States of America,,,,,Male,White,,Republican
mag-182,Sonja,Faye,Bivins,,,,Mobile,AL,United States of America,,,,,Female,Black,,
mag-185,Bert,William,Milling,Jr.,,1946-03-05,Mobile,AL,United States of America,,,,,Male,White,Episcopalian,
mag-184,Paul,Bradley,Murray,,Brad,,Mobile,AL,United States of America,,,,,Male,White,,Republican
mag-233,Embry,Jerode,Kidd,,,,,AL,United States of America,,,,,Male,Black,,
mag-125,Charles,Bernard,Day,,,1957-04-12,Dothan,AL,United States of America,,,,,Male,Black,Baptist,
mag-135,Jillyn,K.,Schulze,,,1951-03-24,Birmingham,AL,United States of America,,,,,Female,,,
mag-440,Nannette,A.,Baker,,,1957-10-03,Tuscaloosa,AL,United States of America,,,,,Female,Black,,
mag-472,John,Z.,Boyle,,,,Phoenix,AZ,United States of America,,,,,Male,White,,
mag-606,Kenneth,George,Gale,,,,Fort Huachuca,AZ,United States of America,,,,,Male,White,,
mag-418,Barry,A.,Bryant,,,,Genoa,AR,United States of America,,,,,Male,White,,
mag-401,Doris,Lenea,Pryor,,,,Hope,AR,United States of America,,,,,Female,Black,,
mag-364,Alistair,E.,Newbern,,,,,AR,United States of America,,,,,Female,White,,
mag-419,Erin,L.,Setser,,,,National City,CA,United States of America,,,,,Female,,,
mag-523,Karen,Elizabeth,Scott,,,,Orange County,CA,United States of America,,,,,Female,White,,
mag-483,Jacquelyn,Scott,Corley,,,,Long Beach,CA,United States of America,,,,,Female,White,,Democrat
mag-484,Nathanael,Michael,Cousins,,,1970,Palo Alto,CA,United States of America,,,,,Male,White,,Democrat
mag-424,Celeste,F.,Bremer,,,1953,San Francisco,CA,United States of America,,,,,Female,White,,
mag-589,J.,Richard,Creatura,,,,Redlands,CA,United States of America,,,,,Male,White,,
mag-604,James,Michael,Candelaria,,,,Durango,CO,United States of America,,,,,Male,White,,
mag-601,Shane,Kato,Crews,,Kato,,,CO,United States of America,,,,,Male,Black,,
mag-335,Phillip,J.,Green,,,,Denver,CO,United States of America,,,,,Male,White,,
mag-10,Jerome,J.,Niedermeier,,,1943,Bridgeport,CT,United States of America,,,,,Male,White,,
mag-221,James,Robert,Klindt,,,,Orlando,FL,United States of America,,,,,Male,White,,
mag-239,Mark,Allan,Pizzo,,,,Tampa,FL,United States of America,,,,,Male,White,,
mag-248,William,Donald,Matthewman,,Bill,,,FL,United States of America,,,,,Male,White,,
mag-92,Joseph,A.,Dickson,,,1952-01-18,Coral Cables,FL,United States of America,,,,,Male,White,,
mag-266,Thomas,Q.,Langstaff,,,1959-12-19,Albany,GA,United States of America,,,,,Male,White,,
mag-268,Charles,Hargrove,Weigle,,,,Augusta,GA,United States of America,,,,,Male,,,
mag-262,James,Clay,Fuller,,Clay,,,GA,United States of America,,,,,Male,White,United Methodist,
mag-555,Ronald,E.,Bush,,,,,ID,United States of America,,,,,Male,White,,
mag-327,R.,Steven,Whalen,,,1947-11-19,Chicago,IL,United States of America,,,,,Male,White,,
mag-255,Jacqueline,,Becerra,,,1952-05-11,Chicago,IL,United States of America,,,,,Female,Hispanic,,
mag-385,Thomas,P.,Schanzie-Haskins,III,,,,IL,United States of America,,,,,Male,White,,
mag-378,Iain,D.,Johnston,,,1965,Chicago,IL,United States of America,,,,,Male,White,,Republican
mag-393,Michael,Gerald,Gotsch,Sr.,,1957-10-05,Chicago,IL,United States of America,,,,,Male,White,Roman-Catholic,
mag-127,Thomas,M.,Di Girolamo,,,1956-11-28,Plainfield,IL,United States of America,,,,,Male,White,,
mag-448,David,P.,Rush,,,1959,Harvey,IL,United States of America,,,,,Male,,,
mag-350,Stephanie,K.,Bowman,,,,Kankakee,IL,United States of America,,,,,Female,White,,
mag-352,Kimberly,A.,Jolson,,,,Chicago,IL,United States of America,,,,,Female,,,
mag-577,Patricia,A.,Sullivan,,,1946,,IL,United States of America,,,,,Female,White,,
mag-463,Mark,A.,Moreno,,,,Chicago,IL,United States of America,,,,,Male,White,,
mag-399,Mark,John,Dinsmore,,,,Valparaiso,IN,United States of America,,,,,Male,White,,
mag-402,Craig,Morris,McKee,,,1958-04-17,Frankfort,IN,United States of America,,,,,Male,White,,
mag-423,Mark,A.,Roberts,,,1966,Ames,IA,United States of America,,,,,Male,White,,
mag-573,Stacie,F.,Beckerman,,,,Cedar Rapids,IA,United States of America,,,,,Female,White,,
mag-422,Kelly,K.E.,Mahoney,,,1975,Anthony,KS,United States of America,,,,,Female,White,,
mag-607,Teresa,J.,James,,,,,KS,United States of America,,,,,Female,White,,
mag-333,Stephanie,Dawkins,Davis,,,,Kansas City,KS,United States of America,,,,,Female,Black,,
mag-453,Sarah,W.,Hays,,,1953,Salina,KS,United States of America,,,,,Female,White,,
mag-603,Gordon,P.,Gallagher,,,,Louisville,KY,United States of America,,,,,Male,White,,
mag-403,Van,Thomas,Willis,,,,Franklin,KY,United States of America,,,,,Male,White,,
mag-78,J.,Gregory,Wehrman,,Greg,1944-01-03,Covington,KY,United States of America,,,,,Male,White,Roman Catholic,
mag-321,Hanly,Acton,Ingram,,,,Lexington,KY,United States of America,,,,,Male,White,,
mag-322,Matthew,Atwood,Stinnett,,,,Ashland,KY,United States of America,,,,,Male,White,,
mag-326,Regina,S.,Edwards,,,,Harlan County,KY,United States of America,,,,,Female,Black,,
mag-8,Mary,Page,Kelley,,Page,1959,Louisville,KY,United States of America,,,,,Female,White,,
mag-366,Joe,B.,Brown,,,1940-12-09,Louisville,KY,United States of America,,,,,Male,White,Episcopalian,
mag-593,Paula,L.,McCandlis,,,,Fort Knox,KY,United States of America,,,,,Female,White,,
mag-413,J.,Thomas,Ray,Jr.,,,,LA,United States of America,,,,,Male,,,
mag-187,Elizabeth,Marie,Timothy,,,,New Orleans,LA,United States of America,,,,,Female,,,
mag-277,Dana,Marie,Douglas,,,,,LA,United States of America,,,,,Female,Black,,
mag-274,Joseph,C.,Wilkinson,Jr.,,,New Orleans,LA,United States of America,,,,,Male,,Roman Catholic,
mag-278,Richard,Lewis,Bourgeois,Jr.,,1976,Baton Rouge,LA,United States of America,,,,,Male,White,,
mag-194,Mark,L.,Hornsby,,,,Crowley,LA,United States of America,,,,,Male,White,,
mag-198,Carol,Banna,Whitehurst,,,,New Iberia,LA,United States of America,,,,,Female,White,,
mag-284,Roy,Steven,Payne,,,,New Orleans,LA,United States of America,,,,,Male,White,,
mag-2,John,C.,Nivison,,,,,ME,United States of America,,,,,Male,White,,
mag-133,C.,Bruce,Anderson,,,1953,Baltimore,MD,United States of America,,,,,Male,White,,
mag-130,A.,David,Copperthite,,,1957,Baltimore,MD,United States of America,,,,,Male,White,,
mag-122,Richard,A.,Lanzillo,,,,Baltimore,MD,United States of America,,,,,Male,,,
mag-124,Keith,A.,Pesto,,,1960-09-20,Baltimore,MD,United States of America,,,,,Male,,,Republican
mag-282,John,D.,Love,,,1969-11-03,Aberdeen,MD,United States of America,,,,,Male,White,,
mag-3,Marianne,B.,Bowler,,,1947-02-17,Boston,MA,United States of America,,,,,Female,White,,Democrat
mag-217,Thomas,G.,Wilson,,,1939-06-22,Detroit,MI,United States of America,,,,,Male,,,
mag-605,James,P.,O'Hara,,,1955-05-14,Detroit,MI,United States of America,,,,,Male,White,Episcopalian,
mag-9,Donald,L.,Cabell,,,1960,Mount Clemens,MI,United States of America,,,,,Male,Black,,
mag-331,Elizabeth,A.,Stafford,,,,Detroit,MI,United States of America,,,,,Female,Black,,
mag-338,Timothy,P.,Greeley,,,1954-03-13,Battle Creek,MI,United States of America,,,,,Male,White,,
mag-612,Stephan,M.,Vidmar,,,,,MI,United States of America,,,,,Male,Hispanic,,
mag-581,Paul,J.,Papak,,,,,MI,United States of America,,,,,Male,White,,
mag-429,Leo,I.,Brisbois,,,,Aurora,MN,United States of America,,,,,Male,,,
mag-437,Jon,T.,Huseby,,,,,MN,United States of America,,,,,Male,White,,
mag-257,Linda,Thompson,Walker,,,1960,Gloster,MS,United States of America,,,,,Female,Black,,
mag-206,F.,Keith,Ball,,,,Jackson,MS,United States of America,,,,,Male,,,
mag-449,Willie,,Epps,Jr.,,,Natchez,MS,United States of America,,,,,Male,Black,,
mag-371,Sidney,I.,Schenkier,,,1955-04-27,St. Louis,MO,United States of America,,,,,Male,White,,
mag-390,Donald,Garrett,Wilkerson,,,1952,East St. Louis,MO,United States of America,,,,,Male,Black,,
mag-400,Matthew,Paul,Brookman,,,,St. Louis,MO,United States of America,,,,,Male,White,,
mag-608,Gwynne,E.,Birzer,,,,Kansas City,MO,United States of America,,,,,Female,Black,,
mag-445,Patricia,L.,Cohen,,,,St. Louis,MO,United States of America,,,,,Female,White,Jewish,
mag-438,David,D.,Noce,,,1944-02-29,St. Louis,MO,United States of America,,,,,Male,White,Catholic,
mag-451,James,C.,England,,,1947,Neosho,MO,United States of America,,,,,Male,White,,
mag-447,John,T.,Maughmer,,,1954-11-26,St. Joseph,MO,United States of America,,,,,Male,,,
mag-312,Collis,,White,,,1952,Excelsior Springs,MO,United States of America,,,,,Male,White,,Democrat
mag-558,Timothy,J.,Cavan,,,,,MT,United States of America,,,,,Male,White,,
mag-563,William,G.,Cobb,,,,,NV,United States of America,,,,,Male,White,,
mag-234,David,M.,Cohen,,,1942-11-08,Manchester,NH,United States of America,,,,,Male,,Jewish,
mag-7,Katherine,A.,Robertson,,,1953,Princeton,NJ,United States of America,,,,,Female,White,,
mag-13,Andrea,K.,Johnstone,,,1963,,NJ,United States of America,,,,,Female,White,,
mag-89,Douglas,Eric,Arpert,,,1959-02-17,Neptune,NJ,United States of America,,,,,Male,White,,
mag-90,Lois,H.,Goodman,,,1955-10-10,Jersey City,NJ,United States of America,,,,,Female,White,,
mag-95,Steven,C.,Mannion,,,1968,Jersey City,NJ,United States of America,,,,,Male,Black,,
mag-622,Karen,B.,Molzen,,,,Albuquerque,NM,United States of America,,,,,Female,White,,
mag-613,Steven,C.,Yarbrough,,,,,NM,United States of America,,,,,Male,White,,
mag-492,Gregory,George,Hollows,,,1947,New York,NY,United States of America,,,,,Male,White,,
mag-479,Elizabeth,Duncan,Laporte,,,1953-07-10,New York,NY,United States of America,,,,,Female,White,,
mag-536,Karen,Schichman,Crawford,,,,New York,NY,United States of America,,,,,Female,White,,
mag-222,Gregory,Joseph,Kelly,,,,Buffalo,NY,United States of America,,,,,Male,White,,Republican
mag-225,Philip,Raymond,Lammens,,,1977,Queens,NY,United States of America,,,,,Male,White,,
mag-242,John,James,O'Sullivan,,,,New York,NY,United States of America,,,,,Male,White,,
mag-241,Barry,Steven,Seltzer,,,1954-11-30,New York,NY,United States of America,,,,,Male,White,Jewish,
mag-240,Lurana,S.,Snow,,,1951-05-10,New York,NY,United States of America,,,,,Female,White,,
mag-265,Christopher,C.,Bly,,,,Huntington Station,NY,United States of America,,,,,Male,White,,
mag-271,Christopher,Lawrence,Ray,,,,,NY,United States of America,,,,,Male,,,
mag-11,Robert,B.,Collings,,,1942-08-31,New York,NY,United States of America,,,,,Male,White,Roman Catholic,
mag-4,Judith,G.,Dein,,,1955,New York,NY,United States of America,,,,,Female,White,,
mag-6,David,H.,Hennessy,,,1955,White Plains,NY,United States of America,,,,,Male,White,,
mag-12,Kenneth,P.,Neiman,,,1945-07-04,New York,NY,United States of America,,,,,Male,White,Jewish,
mag-452,Robert,E.,Larsen,,,,Queens,NY,United States of America,,,,,Male,,,
mag-85,Mark,,Falk,,,1952,Brooklyn,NY,United States of America,,,,,Male,White,,
mag-611,Gregory,,Wormuth,,,,,NY,United States of America,,,,,Male,White,,
mag-52,Sanket,Jayshukh,Bulsara,,,,Bronx,NY,United States of America,,,,,Male,,,
mag-38,Steven,M.,Gold,,,1955,Brooklyn,NY,United States of America,,,,,Male,White,,
mag-47,Vera,M.,Scanlon,,,,"Bay Ridge, Brooklyn",NY,United States of America,,,,,Female,White,,
mag-34,Daniel,J.,Stewart,,,,Warren County,NY,United States of America,,,,,Male,White,,Democrat
mag-55,Kevin,N.,Fox,,,,Brooklyn,NY,United States of America,,,,,Male,Black,,
mag-68,Martin,R.,Goldberg,,,1945-04-20,Bronx,NY,United States of America,,,,,Male,White,Jewish,
mag-54,Lisa,M.,Smith,,,1955-04-25,Hamilton,NY,United States of America,,,,,Female,White,,
mag-69,Jonathan,,Feldman,,,1956-01-25,Rochester,NY,United States of America,,,,,Male,White,,
mag-74,Leslie,G.,Foschio,,,1940-10-29,Buffalo,NY,United States of America,,,,,Male,White,Roman Catholic,Democrat
mag-72,Jeremiah,J.,McCarthy,,,1953-02-09,Buffalo,NY,United States of America,,,,,Male,White,,
mag-73,Michael,J.,Roemer,,,,Lewiston,NY,United States of America,,,,,Male,White,,
mag-75,Hugh,B.,Scott,,,1949,Amherst,NY,United States of America,,,,,Male,Black,,
mag-651,Heather,L,Kennedy,,,,,NY,United States of America,,,,,Female,,,
mag-631,Suzanne,,Mitchell,,,1968,Bronxville,NY,United States of America,,,,,Female,White,,
mag-575,Youlee,Yim,You,,,,New York,NY,United States of America,,,,,Female,,,
mag-180,Wallace,,Capel,Jr.,,1956,Fort Bragg,NC,United States of America,,,,,Male,Black,,
mag-142,Joe,L.,Webster,,,,,NC,United States of America,,,,,Male,White,,
mag-144,David,S.,Cayer,,,1954-05-21,Winston-Salem,NC,United States of America,,,,,Male,White,Presbyterian,Republican
mag-143,David,C.,Keesler,,,1962-07-10,Charlotte,NC,United States of America,,,,,Male,White,,
mag-145,William,Carleton,Metcalf,,,1972-01-25,Waynesville,NC,United States of America,,,,,Male,White,,Republican
mag-560,Robert,M.,Holter,,,1927-06-13,Williston,ND,United States of America,,,,,Male,White,,
mag-428,Ross,A.,Walters,,,1949-12-29,Cleveland,OH,United States of America,,,,,Male,White,,
mag-134,Susan,K.,Gauvey,,,1948-03-01,Van Wert,OH,United States of America,,,,,Female,White,,
mag-340,George,J.,Limbert,,,1940-09-11,Youngstown,OH,United States of America,,,,,Male,White,,
mag-355,Norah,McCann,King,,,1949-08-13,Steubenville,OH,United States of America,,,,,Female,,Roman Catholic,
mag-349,Karen,L.,Litkovitz,,,,Lorraine,OH,United States of America,,,,,Female,White,,
mag-354,Michael,R.,Merz,,,1945-03-29,Dayton,OH,United States of America,,,,,Male,White,Roman Catholic,
mag-347,Sharon,L.,Ovington,,,,Cincinatti,OH,United States of America,,,,,Female,White,,
mag-353,Chelsey,M.,Vascura,,,,Columbus,OH,United States of America,,,,,Female,White,,
mag-120,Maureen,P.,Kelly,,,,Youngstown,OH,United States of America,,,,,Female,White,,
mag-309,Andrew,W.,Austin,,,1960,Cincinatti,OH,United States of America,,,,,Male,White,,
mag-636,Cecilia,M.,Romero,,,1975,Fostoria,OH,United States of America,,,,,Female,,,
mag-630,Shon,T.,Erwin,,,1961,Lawton,OK,United States of America,,,,,Male,White,,
mag-632,Bernard,Maurice,Jones,II,,1979,Oklahoma City,OK,United States of America,,,,,Male,Black,,
mag-629,Gary,M.,Purcell,,,1950-12-26,Oklahoma City,OK,United States of America,,,,,Male,White,,
mag-571,Mark,D.,Clarke,,,,Salem,OR,United States of America,,,,,Male,White,,
mag-578,John,Anthony,Jelderks,,,1938-10-30,Salem,OR,United States of America,,,,,Male,White,,
mag-129,J.,Mark,Coulson,,,,Philadelphia,PA,United States of America,,,,,Male,White,,
mag-126,Beth,P.,Gesner,,,1958-08-25,Pittsburgh,PA,United States of America,,,,,Female,White,,
mag-341,William,,Baughman,"Jr,",,1949-06-23,Greensburg,PA,United States of America,,,,,Male,White,,
mag-79,Terrence,Peter,Kemp,,,,Huntingdon,PA,United States of America,,,,,Male,,,
mag-107,David,R.,Strawbridge,,,1945-08-19,Abington,PA,United States of America,,,,,Male,White,,
mag-123,Patricia,L.,Dodge,,,1953,Pittsburgh,PA,United States of America,,,,,Female,,,
mag-119,Lisa,Pupo,Lenihan,,,1958-09-03,Kulpmont,PA,United States of America,,,,,Female,White,,
mag-18,Camille,Lizette,Velez-Rive,,,1968-02-05,San Juan,PR,United States of America,,,,,Female,,,
mag-625,Paul,J.,Cleary,,,1950-03-09,Providence,RI,United States of America,,,,,Male,White,,
mag-316,Richard,Bernard,Farrer,,,,Johannesburg,,South Africa,,,,,Male,White,,
mag-176,Herman,Nathaniel,Johnson,Jr.,Rusty,,Blackville,SC,United States of America,,,,,Male,Black,,
mag-23,William,I.,Garfinkel,,,,Charleston,SC,United States of America,,,,,Male,White,,
mag-140,Lawrence,Patrick,Auld,,,,Sumter,SC,United States of America,,,,,Male,,,
mag-154,Robert,,Buchanan,Jr.,,1951-05-22,Aiken,SC,United States of America,,,,,Male,White,Presbyterian,
mag-148,Paige,J.,Gossett,,,1969,Charlotte,SC,United States of America,,,,,Female,White,Catholic,
mag-146,Bristow,,Marchant,,,1955-06-13,Columbia,SC,United States of America,,,,,Male,White,Presbyterian,
mag-356,H.,Bruce,Guyton,,,1957-01-26,Shaw AFB,SC,United States of America,,,,,Male,White,,
mag-291,Frances,H.,Stacy,,,1955-01-09,Sumter,SC,United States of America,,,,,Female,White,Catholic,
mag-609,Angel,D.,Mitchell,,,,Pierre,SD,United States of America,,,,,Female,,,
mag-454,Cheryl,R.,Zwart,,,,Sioux Falls,SD,United States of America,,,,,Female,White,,
mag-525,Steve,,Kim,,,1972,Seoul,,South Korea,,,,,Male,Asian American,,
mag-377,Young,Bae,Kim,,,,,,South Korea,,,,,Male,Asian American,,
mag-542,Allison,Hughes,Goddard,,,,Nashville,TN,United States of America,,,,,Female,,,
mag-121,Cynthia,R.,Eddy,,,1958,,TN,United States of America,,,,,Female,,,
mag-359,Debra,C.,Poplin,,,,Knoxville,TN,United States of America,,,,,Female,White,,
mag-369,Charmiane,Griffin,Claxton,,,,,TN,United States of America,,,,,Female,Black,,
mag-193,Charles,Jules,Kahn,Jr.,,1951-09-14,San Antonio,TX,United States of America,,,,,Male,,,
mag-197,Patrick,J.,Hanna,,,1957-07-14,Houston,TX,United States of America,,,,,Male,White,,
mag-281,Keith,F.,Giblin,,,,Beaumont,TX,United States of America,,,,,Male,,Episcopalian,
mag-285,Katie,Nicole,Mitchell,,Nicole,,Victoria,TX,United States of America,,,,,Female,White,,
mag-209,Jeff,Lane,Cureton,,,1967-09-14,Dallas,TX,United States of America,,,,,Male,White,,
mag-208,Irma,Carrillo,Ramirez,,,1964,Brownsfield,TX,United States of America,,,,,Female,Hispanic,,
mag-210,Renee,Harris,Toliver,,,1960,Fort Worth,TX,United States of America,,,,,Female,Black,,
mag-295,James,Scott,Hacker,,Scott,,Henderson,TX,United States of America,,,,,Male,White,,
mag-301,John,Andrew,Kazen,,,,Laredo,TX,United States of America,,,,,Male,White,,
mag-304,Anne,Teresa,Berton,,,,El Paso,TX,United States of America,,,,,Female,Hispanic,,
mag-317,Ronald,Clark,Griffin,,Ron,,Ft. Stockton,TX,United States of America,,,,,Male,White,Catholic,
mag-237,David,Allan,Baker,,,1951-08-13,Arlington,VA,United States of America,,,,,Male,,,
mag-158,Ivan,D.,Davis,,,,Hampton,VA,United States of America,,,,,Male,Black,,
mag-633,Paul,M.,Warner,,,1949,Seattle,WA,United States of America,,,,,Male,White,Mormon,Republican
mag-590,David,W.,Christel,,,1957,Tacoma,WA,United States of America,,,,,Male,White,,
mag-226,Patricia,D.,Barksdale,,,1971,,DC,United States of America,,,,,Female,White,Catholic,
mag-131,Gina,L.,Simms,,,1951-02-11,,DC,United States of America,,,,,Female,Black,,
mag-128,Timothy,J.,Sullivan,,,1962,,DC,United States of America,,,,,Male,White,,
mag-325,Colin,Hugh,Lindsay,,,,Morgantown,WV,United States of America,,,,,Male,White,,
mag-432,Hildy,,Bowbeer,,,1957,,WV,United States of America,,,,,Female,White,,
mag-169,James,P.,Mazzone,,,,Follansbee,WV,United States of America,,,,,Male,White,,Democrat
mag-172,Omar,J.,Aboulhosn,,,,Princeton,WV,United States of America,,,,,Male,,,Democrat
mag-170,Cheryl,A.,Eifert,,,1958,Barboursville,WV,United States of America,,,,,Female,White,Episcopalian,
mag-408,Aaron,E.,Goodstein,,,,,WI,United States of America,,,,,Male,White,,
mag-409,Patricia,J.,Gorence,,,1943-03-16,Sheboygan,WI,United States of America,,,,,Female,White,Catholic,
mag-643,Richard,D.,Gist,,,1940-02-06,Bairoil,WY,United States of America,,,,,Male,White,Protestant,Republican
mag-639,Kelly,Harrison,Rankin,,,1968,,WY,United States of America,,,,,Male,White,,Republican
mag-178,Charles,Styring,Coody,,,,,,,,,,,Male,White,,
mag-181,Stephen,M.,Doyle,,,,,,,,,,,Male,,,
mag-179,Susan,Russ,Walker,,,1956,,,,,,,,Female,White,,
mag-175,Staci,Gwinn,Cornelius,,,,,,,,,,,Female,White,,
mag-174,John,Henry,England,III,,,,,,,,,,Male,Black,,
mag-173,John,Edward,Ott,,,,,,,,,,,Male,White,,
mag-186,William,Earle,Cassady,,,,,,,,,,,Male,,,
mag-183,Katherine,Parks,Nelson,,Kit,,,,,,,,,Female,,,
mag-584,Scott,A.,Oravec,,,,,,,,,,,Male,White,,
mag-583,Matthew,McCrary,Scoble,,,,,,,,,,,Male,,,
mag-582,Deborah,M.,Smith,,,,,,,,,,,Female,White,,
mag-476,Camille,D.,Bibles,,,,,,,,,,,Female,White,,Democrat
mag-469,Leslie,Ann,Bowman,,,,,,,,,,,Female,White,,
mag-466,Michelle,H.,Burns,,,,,,,,,,,Female,White,,
mag-477,Maria,S.,Davila,,,,,,,,,,,Female,Hispanic,,
mag-467,Douglas,Thomas,Ferraro,,Thomas,,,,,,,,,Male,,,
mag-474,Deborah,Maureen,Fine,,,,,,,,,,,Female,White,,
mag-475,Lynnette,C.,Kimmins,,,,,,,,,,,Female,,,
mag-470,Bruce,Gordon,MacDonald,,,,,,,,,,,Female,White,,
mag-471,Eric,J.,Markovich,,,,,,,,,,,Male,White,,
mag-468,James,F.,Metcalf,,,,,,,,,,,Male,White,,
mag-465,Jacqueline,Marshall,Rateau,,,,,,,,,,,Female,White,,
mag-478,Bernardo,P.,Velasco,,,,,,,,,,,Male,,,
mag-473,Eileen,S.,Willett,,,,,,,,,,,Female,White,,Republican
mag-414,Beth,M.,Deere,,,,,,,,,,,Female,White,United Methodist,
mag-417,Patricia,S.,Harris,,,,,,,,,,,Female,White,,
mag-416,Jerome,T.,Kearney,,,1956-05-30,,,,,,,,Male,Black,,
mag-415,Joseph,J.,Volpe,,Joe,,,,,,,,,Male,White,,
mag-420,Mark,E.,Ford,,,,,,,,,,,Male,White,,
mag-421,James,R.,Marschewski,,,,,,,,,,,Male,,,
mag-517,Alka,,Sagar,,,,,,Uganda,,,,,Female,Indian,,
mag-508,Paul,Lewis,Abrams,,,,,,,,,,,Male,White,,
mag-528,Maria,Alicia,Audero,,,,,,,,,,,Female,Hispanic,,
mag-361,Dennis,Hisey,Inman,,,,,,,,,,,Male,White,,
mag-510,Jacqueline,,Chooljian,,,,,,,,,,,Female,,,
mag-526,John,Daniel,Early,,,,,,,,,,,Male,White,,
mag-506,Charles,Frederick,Eick,,,,,,,,,,,Male,,,
mag-519,Kenly,Kiya,Kato,,,,,,,,,,,Female,Asian American,,Democrat
mag-527,Hemant,Hari,Kewalramani,,,,,,,,,,,Male,Asian American,,
mag-530,Louise,Ann,LaMothe,,,,,,,,,,,Female,White,,
mag-522,Alexander,Fraser,MacKinnon,,,,,,,,,,,Male,White,,
mag-518,Douglas,Fredrick,McCormick,,,,,,,,,,,Male,,,
mag-513,John,Emory,McDermott,,,,,,,,,,,Male,,,
mag-511,Frederick,Francis,Mumm,,,,,,,,,,,Male,,,
mag-521,Rozella,Ann,Oliver,,,,,,,,,,,Female,Hispanic,,
mag-515,Sheri,Nicole,Pym,,,,,,,,,,,Female,White,,
mag-512,Alicia,G.,Rosenberg,,,,,,,,,,,Female,,,
mag-516,Jean,Pamela,Rosenbluth,,,,,,,,,,,Female,White,,
mag-509,Suzanne,Horenstein,Segal,,,,,,,,,,,Female,White,,
mag-529,Autumn,Dawn,Spaeth,,,,,,,,,,,Female,White,,Democrat
mag-520,Gail,Jean,Standish,,,,,,,,,,,Female,White,,
mag-524,Karen,Leslie,Stevenson,,,,,,,,,,,Female,Black,,
mag-507,Patrick,Joseph,Walsh,,,,,,,,,,,Male,White,,
mag-514,Michael,Randolph,Wilner,,,,,,,,,,,Male,White,,
mag-505,Gary,Stephen,Austin,,,,,,,,,,,Male,White,,
mag-502,Deborah,Lee,Barnes,,,,,,,,,,,Female,White,,
mag-500,Stanley,Albert,Boone,,,,,,,,,,,Male,White,,
mag-493,Edmund,Francis,Brennan,,,,,,,,,,,Male,White,,
mag-499,Allison,,Claire,,,,,,,,,,,Female,White,Unitarian Universalist,
mag-504,Dennis,Michael,Cota,,,,,,,,,,,Male,White,,
mag-497,Carolyn,K.,Delaney,,,,,,,,,,,Female,White,,
mag-501,Erica,,Grosjean,,,,,,,,,,,Female,White,,
mag-498,Barbara,Ann,McAuliffe,,,,,,,,,,,Female,White,,
mag-495,Kendall,Joseph,Newman,,,,,,,,,,,Male,White,,
mag-496,Sheila,Karoon,Oberto,,,,,,,,,,,Female,Hispanic,,
mag-503,Jeremy,D.,Peterson,,,,,,,,,,,Male,White,,
mag-494,Jennifer,Leigh,Thurston,,,,,,,,,,,Female,White,,
mag-546,Michael,John,Seng,,,,,,,,,,,Male,,,
mag-481,Laurel,Daniels,Beeler,,,,,,,,,,,Female,White,,
mag-489,Virginia,Kay,Demarchi,,,,,,,,,,,Female,,,
mag-490,Thomas,Stephen,Hixson,,,,,,,,,,,Male,White,,Democrat
mag-488,Robert,M.,Illman,,,,,,,,,,,Male,White,,
mag-486,Sallie,,Kim,,,,,,,,,,,Female,Asian American,,
mag-482,Donna,Miae,Ryu,,,,,,,,,,,Female,Asian American,,
mag-480,Joseph,Chavkin,Spero,,,1955-05-20,,,,,,,,Male,White,,
mag-487,Susan,Gregory,Van Keulen,,,,,,,,,,,Female,White,,
mag-485,Kandis,Arianne,Westmore,,,,,,,,,,,Female,Black,,
mag-491,Bernard,,Zimmerman,,,,,,,,,,,Male,,Jewish,
mag-541,Michael,Stephen,Berg,,,,,,,,,,,Male,White,,
mag-544,Robert,Norman,Block,,,,,,,,,,,Male,,,
mag-543,Ruben,Bernard,Brooks,,,,,,,,,,,Male,,,
mag-537,Jill,Louise,Burkhardt,,,,,,,,,,,Female,,,
mag-535,Mitchell,David,Dembin,,,,,,,,,,,Male,White,,
mag-533,William,Victor,Gallo,,,,,,,,,,,Male,White,,
mag-545,Peter,Cushman,Lewis,,,,,,,,,,,Male,,,
mag-540,Linda,,Lopez,,,,,,,,,,,Female,White,,
mag-532,Barbara,Lynn,Major,,,,,,,,,,,Female,White,,
mag-539,Ruth,Bermudez,Montenegro,,,,,,,,,,,Female,Hispanic,,Democrat
mag-538,Andrew,George,Schopler,,,,,,,,,,,Male,White,,
mag-534,Bernard,George,Skomal,,,,,,,,,,,Male,White,,
mag-547,Nita,Leslie,Stormes,,,,,,,,,,,Female,,,
mag-596,Michael,E.,Hegarty,,,,,,,,,,,Male,White,,
mag-597,Kristen,Louise,Mix,,,,,,,,,,,Female,White,,
mag-602,Norman,Reid,Neureiter,,,,,,,,,,,Male,White,,
mag-598,Kathleen,M.,Tafoya,,,,,,,,,,,Female,White,,
mag-600,Scott,Thomas,Varholak,,,,,,,,,,,Male,,,
mag-599,Nina,Nin-Yuen,Wang,,,,,,,,,,,Female,,,
mag-27,Holly,B.,Fitzsimmons,,,,,,,,,,,Female,White,,
mag-29,Joan,Glazer,Margolis,,,,,,,,,,,Female,White,,
mag-30,Donna,F.,Martinez,,,,,,,,,,,Female,Hispanic,,
mag-24,Sarah,A.L.,Merriam,,,,,,,,,,,Female,White,,Democrat
mag-25,Robert,A.,Richardson,,,,,,,,,,,Male,Black,,
mag-28,Thomas,P.,Smith,,,,,,,,,,,Male,White,,
mag-26,Robert,M.,Spector,,,,,,,,,,,Male,White,,
mag-82,Christopher,J.,Burke,,,,,,,,,,,Male,White,,
mag-83,Sherry,Ruggiero,Fallon,,,,,,,,,,,Female,White,,Republican
mag-84,Jennifer,L.,Hall,,,,,,,,,,,Female,,,
mag-81,Mary,Pat,Thynge,,,,,,,,,,,Female,White,,
mag-645,Gordon,Michael,Harvey,,,,,,,,,,,Male,,,
mag-646,Robin,M.,Meriweather,,,,,,,,,,,Female,Black,,Democrat
mag-644,Deborah,Ann,Robinson,,,,,,,,,,,Female,Black,,
mag-230,Sean,Patrick,Flynn,,,,,,,,,,,Male,,,
mag-235,Douglas,N.,Frazier,,,,,,,,,,,Male,,,
mag-231,Leslie,Robyn,Hoffman,,,,,,,,,,,Female,White,,
mag-228,Daniel,C.,Irick,,,,,,,,,,,Male,,,
mag-236,Elizabeth,Ann,Jenkins,,,,,,,,,,,Female,,,
mag-219,Mac,Richard,McCoy,,,,,,,,,,,Male,White,,
mag-232,Nicolas,Patrick,Mizell,,,,,,,,,,,Male,White,,
mag-223,Anthony,Edward,Porcelli,,,,,,,,,,,Male,White,,
mag-220,Monte,C.,Richardson,,,,,,,,,,,Male,Black,,
mag-227,Amanda,Arnold,Sansone,,,,,,,,,,,Female,White,,
mag-238,Thomas,Benton,Smith,,,,,,,,,,,Male,White,,
mag-218,Julie,Simone,Sneed,,,,,,,,,,,Female,Black,,
mag-224,Joel,Barry,Toomey,,,,,,,,,,,Male,White,,
mag-229,Christopher,Paul,Tuite,,,,,,,,,,,Male,,,
mag-190,Hope,Thai,Cannon,,,,,,,,,,,Female,Asian American,,
mag-191,Gordon,Miles,Davis,,,,,,,,,,,Male,,,
mag-189,Michael,J.,Frank,,,,,,,,,,,Male,,,Republican
mag-192,Gary,Richard,Jones,,,,,,,,,,,Male,,,
mag-188,Charles,Aristedes,Stampelos,,,,,,,,,,,Male,White,,
mag-243,Edwin,G.,Torres,,,,,,Bolivia,,,,,Male,Hispanic,,
mag-250,Alicia,Olivera,Valle,,,1961,,,Cuba,,,,,Female,Hispanic,,
mag-254,Lisette,Marie,Reid,,,,,,Trinidad,,,,,Female,Black,,
mag-246,Dave,Lee,Brannon,,,,,,,,,,,Male,,,
mag-245,Jonathan,,Goodman,,,,,,,,,,,Male,White,,
mag-249,Patrick,Michael,Hunt,,,,,,,,,,,Male,White,,
mag-252,Lauren,Fleischer,Louis,,,,,,,,,,,Female,White,,
mag-251,Shaniek,Mills,Maynard,,,,,,,,,,,Female,Black,,
mag-244,Chris,Marie,McAliley,,,,,,,,,,,Female,White,,
mag-247,Alicia,Margarita,Otazo-Reyes,,,,,,,,,,,Female,Hispanic,,
mag-253,Bruce,Edward,Reinhart,,,,,,,,,,,Male,White,,
mag-267,M.,Stephen,Hyles,,,,,,,,,,,Male,White,,
mag-261,Justin,S.,Anand,,,,,,,,,,,Male,,,
mag-258,Alan,Jerold,Baverman,,,,,,,,,,,Male,White,,
mag-259,Walter,E.,Johnson,,,,,,,,,,,Male,,,
mag-256,Janet,Fuller,King,,,,,,,,,,,Female,,,
mag-264,John,Knox,Larkins,III,,,,,,,,,,Male,White,,
mag-263,Catherine,M.,Salinas,,,,,,,,,,,Female,White,,
mag-260,Russell,Glenn,Vineyard,,,,,,,,,,,Male,,,
mag-270,Benjamin,Wayne,Cheesbro,,,,,,,,,,,Male,White,,
mag-269,Brian,Keith,Epps,,,,,,,,,,,Male,White,,
mag-272,James,Ellis,Graham,,,,,,,,,,,Male,,,
mag-650,Joaquin,V.,Manibusan,,,,,,,,,,,Male,,,
mag-552,Kevin,S.C.,Chang,,,,,,,,,,,Male,,,
mag-551,Barry,M.,Kurren,,,,,,,,,,,Male,,,
mag-548,Kenneth,J.,Mansfield,,,,,,,,,,,Male,,,
mag-550,Wes,R.,Porter,,,,,,,,,,,Male,,,
mag-553,Richard,L.,Puglisi,,,,,,,,,,,Male,White,,
mag-549,Rom,A.,Trader,,,,,,,,,,,Male,Asian American,,
mag-554,Candy,Wagahoff,Dale,,,,,,,,,,,Female,White,,
mag-556,Mikel,H.,Williams,,,,,,,,,,,Male,White,,
mag-384,Jonathan,Eugene,Hawley,,,1971,,,,,,,,Male,White,,
mag-386,Eric,Ian,Long,,,,,,,,,,,Male,,,
mag-372,Jefferey,N.,Cole,,,,,,,,,,,Male,White,,
mag-374,Susan,E.,Cox,,,,,,,,,,,Female,White,,
mag-381,Jeffrey,I.,Cummings,,,,,,,,,,,Male,Black,,
mag-375,Sheila,Marie,Finnegan,,,,,,,,,,,Female,White,,
mag-383,Gabriel,A.,Fuentes,,,,,,,,,,,Male,Hispanic,,
mag-376,Jeffrey,Todd,Gilbert,,,,,,,,,,,Male,White,,
mag-380,Sunil,Ramesh,Harjani,,,,,,,,,,,Male,,,
mag-382,Lisa,A.,Jensen,,,,,,,,,,,Female,White,,
mag-373,Maria,G.,Valdez,,,,,,,,,,,Female,Hispanic,,
mag-379,M.,David,Weisman,,,,,,,,,,,Male,White,,
mag-388,Mark,Andrew,Beatty,,,,,,,,,,,Male,,,
mag-387,Reona,Jean,Daly,,,,,,,,,,,Female,White,,
mag-389,Gilbert,Chester,Sison,,,,,,,,,,,Male,,,
mag-395,Andrew,P.,Rodovich,,,,,,,,,,,Male,,,
mag-396,Paul,Ross,Cherry,,,,,,,,,,,Male,,,
mag-392,Susan,Lynn,Collins,,,,,,,,,,,Female,,,
mag-394,Joshua,P.,Kolar,,,,,,,,,,,Male,White,,
mag-391,John,Edward,Martin,,,,,,,,,,,Male,,,
mag-397,Timothy,Adam,Baker,,Tim,1962,,,,,,,,Male,White,,
mag-398,Debra,McVicker,Lynch,,,,,,,,,,,Female,White,,
mag-101,Paul,A.,Zoss,,,,,,,,,,,Male,,,
mag-425,Helen,C.,Adams,,,,,,,,,,,Female,White,,
mag-426,Stephen,B.,Jackson,Jr.,,,,,,,,,,Male,White,,
mag-427,Thomas,J.,Shields,,,,,,,,,,,Male,White,,
mag-319,Edward,Boatwright,Atkins,,,,,,,,,,,Male,,,
mag-320,Candace,J.,Smith,,,,,,,,,,,Female,White,,
mag-324,Henry,Brent,Brennenstuhl,,Brent,,,,,,,,,Male,White,,
mag-323,Leo,Landsden,King,,Lanny,,,,,,,,,Male,,Methodist,
mag-273,Michael,Bruce,North,,,,,,,,,,,Male,White,,
mag-275,Karen,Wells,Roby,,,,,,,,,,,Female,Black,,
mag-276,Janis,,Van Meerveld,,,,,,,,,,,Female,White,,
mag-279,Erin,Joelle,Wilder-Doomes,,,,,,,,,,,Female,Black,,
mag-195,Karen,Luikart,Hayes,,,,,,,,,,,Female,White,,
mag-196,Kathleen,,Kay,,,,,,,,,,,Female,,,
mag-199,Joseph,Henry Luis,Perez-Montes,,,,,,,,,,,Male,Hispanic,,
mag-1,John,H.,Rich,III,,,,,,,,,,Male,,,
mag-132,Deborah,L.,Boardman,,,,,,,,,,,Female,,,
mag-5,Jennifer,C.,Boal,,,1963,,,,,,,,Female,White,,
mag-329,David,R.,Grand,,,,,,,,,,,Male,White,,
mag-334,Michael,,Hluchaniuk,,,,,,,,,,,Male,White,,
mag-328,Mona,K.,Majzoub,,,,,,,,,,,Female,,,
mag-330,Patricia,T.,Morris,,,,,,,,,,,Female,White,,
mag-332,Anthony,P.,Patti,,,,,,,,,,,Male,White,,
mag-336,Raymond,S.,Kent,,Ray,,,,,,,,,Male,White,,
mag-337,Maarten,,Vermaat,,,,,,,,,,,Male,,,
mag-431,Tony,N.,Leung,,,1959-08-16,,,Hong Kong,,,,,Male,Asian American,Roman Catholic,
mag-434,Katherine,M.,Menednez,,Kate,,,,,,,,,Female,Hispanic,,
mag-430,Steven,E.,Rau,,,,,,,2019-11-28,,,,Male,White,,
mag-435,David,T.,Schultz,,,,,,,,,,,Male,White,,
mag-433,Becky,R.,Thorson,,,,,,,,,,,Female,White,,
mag-436,Elizabeth,Cowan,Wright,,,,,,,,,,,Female,,,
mag-202,LeRoy,D.,Percy,,Roy,,,,,,,,,Male,White,,
mag-200,David,A.,Sanders,,,,,,,,,,,Male,White,,
mag-201,Jane,,Virden,,,1962-05-23,Greenville,MS,United States of America,,,,,Female,White,,
mag-205,Linda,R.,Anderson,,,,,,,,,,,Female,Black,,
mag-207,John,C.,Gargiulo,,,,,,,,,,,Male,White,,
mag-204,Michael,T.,Parker,,Mike,,,,,,,,,Male,White,,
mag-203,Robert,H.,Walker,,,,,,,,,,,Male,White,,
mag-444,John,M.,Bodenhausen,,,,,,,,,,,Male,White,,
mag-446,Frederick,R.,Buckles,,,,,,,,,,,Male,,,
mag-442,Noelle,C.,Collins,,,,,,,,,,,Female,Black,,
mag-443,Abbie,S.,Crites-leoni,,,,,,,,,,,Female,White,,
mag-439,Mary,A.,Medler,,,,,,,,,,,Female,,,
mag-441,Shirley,Padmore,Mensah,,,,,,,,,,,Female,,,Democrat
mag-450,Lajuana,,Counts,,,,,,,,,,,Female,Black,,
mag-561,Richard,W.,Anderson,,,,,,,,,,,Male,White,,
mag-559,Kathleen,L.,Desoto,,,,,,,,,,,,,,
mag-557,John,T.,Johnston,,,,,,,,,,,Male,,,
mag-562,Carolyn,S.,Ostby,,,,,,,,,,,Female,White,,
mag-455,Susan,M.,Bazis,,,,,,,,,,,Female,White,,
mag-457,F.,A.,Gossett,III,,,,,,,,,,,,,
mag-456,Michael,D.,Nelson,,,,,,,,,,,Male,White,,
mag-568,Daniel,J.,Albregts,,,,,,,,,,,Male,,,
mag-566,Carla,Baldwin,Carry,,,,,,,,,,,,,,
mag-564,Vincent,Campbell,Ferenbach,,Cam,,,,,,,,,Male,White,,
mag-565,Nancy,J.,Koppe,,,,,,,,,,,Female,White,,
mag-570,Robert,,Mcquaid,"Jr,",,,,,,,,,,,,,
mag-567,Brenda,,Weksler,,,,,,,,,,,Female,,,
mag-569,Elayna,J,Youchah,,,,,,,,,,,Female,,,
mag-14,Daniel,J.,Lynch,,,,,,,,,,,Male,,,
mag-87,Tonianne,J.,Bongiovanni,,,1959,,,,,,,,Female,White,,
mag-96,James,B.,Clark,III,,,,,,,,,,Male,White,,
mag-86,Ann,Marie,Donio,,,1960,,,,,,,,Female,White,,
mag-94,Michael,A.,Hammer,,,1968,,,,,,,,Male,White,,
mag-99,Edward,S.,Kiel,,,,,,,,,,,Male,,,
mag-100,Anthony,R.,Mautone,,,,,,,,,,,Male,,,
mag-98,Zahid,,Quraishi,,,,,,,,,,,Male,Asian American,,
mag-88,Joel,,Schneider,,,,,,,,,,,Male,White,,
mag-93,Cathy,L.,Waldor,,,,,,,,,,,Female,White,,
mag-97,Leda,Dunn,Wettre,,,,,,,,,,,Female,White,,
mag-91,Karen,M.,Williams,,,,,,,,,,,Female,Black,,
mag-620,B.,Paul,Briones,,,,,,,,,,,Male,Hispanic,,
mag-621,Barbara,Smith,Evans,,,,,,,,,,,Female,,,
mag-615,Laura,N.,Fashing,,,,,,,,,,,Female,White,,
mag-616,Gregory,J.,Fouratt,,,,,,,,,,,Male,White,,
mag-610,Carmen,E.,Garza,,,,,,,,,,,Female,Hispanic,,
mag-614,Kirtan,K.,Khalsa,,,,,,,,,,,Female,Indian,,
mag-618,Jerry,,Ritter,Jr.,,,,,,,,,,Male,White,,Republican
mag-619,John,,Robbenhaar,,,,,,,,,,,Male,,,
mag-617,Kevin,R.,Sweazea,,,,,,,,,,,Male,White,,Republican
mag-50,Peggy,,Kuo,,,,,,Taiwan,,,,,Female,,,
mag-42,Lois,,Bloom,,,,,,,,,,,Female,White,,
mag-46,Gary,R.,Brown,,,,,,,,,,,Male,,,
mag-53,Robert,Morris,Levy,,,,,,,,,,,Male,White,,
mag-39,Arlene,Rosario,Lindsay,,,,,,,,,,,Female,Hispanic,,
mag-48,Steven,Ian,Locke,,,,,,,,,,,Male,White,,
mag-40,Roanne,L.,Mann,,,,,,,,,,,Female,White,,Democrat
mag-43,James,,Orenstein,,,,,,,,,,,Male,White,,
mag-41,Cheryl,,Pollak,,,,,,,,,,,Female,White,,
mag-44,Ramon,,Reyes,Jr.,,,,,,,,,,Male,Hispanic,,
mag-49,Anne,Y.,Shields,,,,,,,,,,,Female,White,,
mag-51,Steven,L.,Tiscione,,,,,,,,,,,Male,White,,
mag-45,A.,Kathleen,Tomlinson,,,,,,,,,,,Female,White,,
mag-31,Andrew,T.,Baxter,,,,,,,,,,,Male,White,,
mag-32,Therese,,Wiley Dancks,,,,,,,,,,,Female,White,,
mag-36,Gary,L.,Favro,,,,,,,,,,,Male,White,,
mag-33,Christian,F.,Hummel,,,,,,,,,,,Male,White,,Republican
mag-35,Miroslav,Miroslav,Lovric,,,,,,,,,,,Male,,,
mag-37,David,,Peebles,,,,,,,,,,,Male,White,,
mag-65,Stewart,D.,Aaron,,,,,,,,,,,Male,White,,
mag-67,Sarah,L.,Cave,,,,,,,,,,,Female,,,
mag-59,James,L.,Cott,,,,,,,,,,,Male,White,,
mag-58,Paul,E.,Davison,,,,,,,,,,,Male,,,
mag-56,Debra,C.,Freeman,,,,,,,,,,,Female,,,
mag-57,Gabriel,W.,Gorenstein,,,,,,,,,,,Male,White,,
mag-64,Robert,W.,Lehrburger,,Bob,,,,,,,,,Male,White,,
mag-61,Judith,C.,McCarthy,,,,,,,,,,,Female,White,,
mag-62,Barbara,,Moses,,,,,,,,,,,Female,White,,
mag-60,Sarah,,Netburn,,,,,,,,,,,Female,White,,
mag-63,Katharine,H.,Parker,,,,,,,,,,,Female,White,,
mag-66,Ona,T.,Wang,,,,,,,,,,,Female,Asian American,,
mag-71,Marian,W.,Payson,,,,,,,,,,,Female,White,,
mag-70,H.,Kenneth,Schroeder,Jr.,,,,,,,,,,Male,White,,
mag-136,James,E.,Gates,,,,,,,,,,,Male,,,
mag-137,Robert,B.,Jones,Jr.,,,,,,,,,,Male,,,
mag-138,Robert,T.,Numbers,II,Bob,,,,,,,,,Male,White,,
mag-139,Kimberly,A.,Swank,,,,,,,,,,,Female,,,
mag-141,Joi,Elizabeth,Peake,,,,,,,,,,,Female,,,
mag-459,Clare,R.,Hochhalter,,,,,,,,,,,Male,,,
mag-460,Charles,,Miller,Jr.,,,,,,,,,,Male,White,,
mag-458,Alice,R.,Senechal,,,,,,,,,,,Female,White,,
mag-346,Vernelis,K.,Armstrong,,,,,,,,,,,Female,Black,,
mag-339,Kathleen,B.,Burke,,,,,,,,,,,Female,White,Catholic,
mag-344,Jonathan,D.,Greenberg,,,,,,,,,,,Male,White,,
mag-342,James,,Knepp,II,,,,,,,,,,Male,White,,
mag-343,Thomas,M.,Parker,,,,,,,,,,,Male,White,,Republican
mag-345,David,A.,Ruiz,,,,,,,,,,,Male,Hispanic,,
mag-348,Elizabeth,Preston,Deavers,,,,,,,,,,,Female,White,,
mag-351,Michael,J.,Newman,,,1960,,,,,,,,Male,White,,
mag-628,Steven,P.,Shreder,,,,,,,,,,,Male,White,,
mag-627,Kimberly,E.,West,,,,,,,,,,,Female,White,,
mag-624,Jodi,F.,Jayne,,,,,,,,,,,Female,White,,
mag-623,Frank,H.,McCarthy,,,,,,,,,,,Male,White,,
mag-572,John,V.,Acosta,,,,,,,,,,,Male,White,,Democrat
mag-579,Thomas,M.,Coffin,,,,,,,,,,,Male,,,
mag-576,Mustafa,T.,Kasubhai,,,,,,,,,,,Male,Asian,,
mag-574,Jolie,A.,Russo,,,,,,,,,,,Female,White,,
mag-580,Janice,M.,Stewart,,,,,,,,,,,Female,,,
mag-113,Jacob,P.,Hart,,,,,,,,,,,Male,White,,
mag-105,Linda,K.,Caracappa,,,,,,,,,,,Female,White,,Republican
mag-111,Marilyn,,Heffley,,,,,,,,,,,Female,White,,
mag-109,Elizabeth,T.,Hey,,,,,,,,,,,Female,White,,
mag-112,Richard,A.,Lloret,,,,,,,,,,,Male,Hispanic,,
mag-108,Henry,S.,Perkin,,,1948,,,,,,,,Male,White,,Republican
mag-106,Timothy,R.,Rice,,,,,,,,,,,Male,White,,
mag-103,Thomas,J.,Rueter,,,1955-07-12,,,,,,,,Male,White,,
mag-110,Lynne,A.,Sitarski,,,,,,,,,,,Female,White,,
mag-104,Carol,Sandra Moore,Wells,,,1949,,,,,,,,Female,Black,,
mag-118,William,I.,Arbuckle,III,,,,,,,,,,Male,White,,
mag-114,Martin,C.,Carlson,,,,,,,,,,,Male,,,
mag-626,Gerald,B.,Cohn,,,,,,,,,,,Male,,,Republican
mag-116,Karoline,,Mehalchick,,,,,,,,,,,Female,White,,
mag-117,Joseph,F.,Saporito,Jr.,,,,,,,,,,Male,White,,
mag-115,Susan,E.,Schwab,,,,,,,,,,,Female,White,,
mag-20,Marcos,E.,Lopez-Gonzalez,,,,,,,,,,,Male,,,
mag-19,Bruce,J.,McGivern,,,,,,,,,,,Male,,,
mag-22,Marshal,D.,Morgan,,,,,,,,,,,Male,,,
mag-15,Lincoln,D.,Almond,,,,,,,,,,,Male,White,,
mag-17,Robert,,Lovegreen,,,,,,,,,,,Male,White,,
mag-16,Patricia,A.,Sullivan,,,,,,,,,,,Female,White,,
mag-151,Jacquelyn,D.,Austin,,,,,,,,,,,Female,Black,,
mag-153,Mary,Gordon,Baker,,,,,,,,,,,Female,White,,
mag-149,Shiva,V.,Hodges,,,,,,,,,,,Female,Indian,,
mag-150,Kevin,,McDonald,,,,,,,,,,,Male,,,
mag-147,Thomas,,Rogers,III,,,,,,,,,,Male,,,
mag-152,Kaymani,D.,West,,,,,,,,,,,Female,Black,,
mag-461,Veronica,L.,Duffy,,,,,,,,,,,Female,White,,
mag-464,William,D.,Gerdes,,,,,,,,,,,Male,White,,
mag-462,Daneta,L.,Wollmann,,,,,,,,,,,Female,White,,
mag-531,Victor,E.,Bianchini,,,,San Pedro,CA,United States of America,,,,,Male,White,Jewish,Democrat
mag-357,Susan,Kerr,Lee,,,,,,,,,,,Female,White,,
mag-362,C.,Clifford,Shirley,"Jr,",,,,,,,,,,Male,,,
mag-358,Christopher,H.,Steger,,Chris,,,,,,,,,Male,White,,
mag-360,Cynthia,Richardson,Wyrick,,,,,,,,,,,Female,,,
mag-365,Jeffery,S.,Frensley,,Chip,,,,,,,,,Male,White,Methodist,
mag-363,Barbara,D.,Holmes,,,,,,,,,,,Female,White,,
mag-368,Tu,M.,Pham,,,1971-11-17,Di Linh,,Vietnam,,,,,Male,Asian American,,
mag-367,Diane,K.,Vescovo,,,1955,,,,,,,,Female,White,,
mag-370,Jon,A.,York,,,,,,,,,,,Male,,,
mag-77,Donald,D.,Bush,,,,,,,,,,,Male,,,
mag-280,Caroline,M.,Craven,,,,,,,,,,,Female,White,,
mag-283,Zachary,Joseph,Hawthorn,,Zack,,,,,,,,,Male,White,,
mag-286,Christine,A.,Nowak,,,,,,,,,,,Female,White,,
mag-287,Kimberly,Candace,Priest Johnson,,Kimberly,,,,,,,,,Female,White,,
mag-213,D.,Gordon,Bryant,Jr.,Gordon,,,,,,,,,Male,White,,
mag-211,David,Lawrence,Horan,,,1974,,,,,,,,Male,White,,
mag-216,John,R.,Parker,,,,,,,,,,,Male,,,
mag-212,Hal,Roberts,Ray,Jr.,,,,,,,,,,Male,White,,
mag-214,Lee,Ann,Reno,,,1970,,,,,,,,Female,White,,
mag-215,Rebecca,A.,Rutherford,,,1971,,,,,,,,Female,White,,
mag-300,Juan,Felipe,Alanis,,,,,,,,,,,Male,Hispanic,,
mag-302,Peter,Joseph,Bray,,,,,,,,,,,Male,White,,
mag-298,Christina,Ann,Bryan,,Chris,,,,,,,,,Female,White,,
mag-299,Andrew,M.,Edison,,,,,,,,,,,Male,White,,
mag-293,Bonnie,Janice,Ellington,,Janice,,,,,,,,,Female,,,
mag-292,Nancy,K.,Johnson,,,,,,,,,,,Female,,,
mag-289,Jason,Bradford,Libby,,,,,,,,,,,Male,White,,
mag-296,Ronald,George,Morgan,,,,,,,,,,,Male,White,,
mag-294,Peter,Elizabeth,Ormsby,,Judge Palermo,,,,,,,,,Male,White,,
mag-297,Dena,Hanovice,Palermo,,,,,,,,,,,Female,,,
mag-288,Diana,Song,Quiroga,,,,,,,,,,,Female,,,
mag-303,Sam,S.,Sheldon,,,,,,,,,,,Male,,,
mag-290,Ignacio,,Torteya,III,Nacho,,,,,,,,,Male,Hispanic,,
mag-315,Henry,Joseph,Bemporad,,,,,,,,,,,Male,White,,
mag-313,Robert,F.,Castaneda,,,,,,,,,,,Male,HIspanic,,
mag-307,Elizabeth,Siberry,Chestney,,Betsy,,,,,,,,,Female,White,,
mag-306,David,B.,Fannin,,,,,,,,,,,Male,White,,
mag-311,Victor,Roberto,Garcia,,,,,,,,,,,Male,Hispanic,,
mag-318,Susan,Jeanette,Hightower,,,,,,,,,,,Female,White,,
mag-314,Mark,Patrick,Lane,,,,,,,,,,,Male,White,,
mag-310,Jeffrey,C.,Manske,,Jeff,,,,,,,,,Male,White,,
mag-308,Leon,,Schydlower,,,,,,,,,,,Male,White,,
mag-305,Miguel,Angel,Torres,,Mike,,,,,,,,,Male,Hispanic,,
mag-634,Evelyn,J.,Furse,,,,,,,,,,,Female,White,,
mag-637,Paul,,Kohler,,,,,,,,,,,Male,,,
mag-635,Dustin,B.,Pead,,,,,,,,,,,Male,White,Mormon,
mag-638,Brooke,C.,Wells,,,,,,,,,,,,,,
mag-80,John,M.,Conroy,,,,,,,,,,,Male,,,
mag-649,Geoffrey,W.,Barnard,,,,,,,,,,,Male,White,,
mag-647,George,W.,Cannon,Jr.,,,,,,,,,,Male,,,
mag-648,Ruth,,Miller,,,,,,,,,,,Female,,,
mag-157,John,F.,Anderson,,,,,,,,,,,Male,,,
mag-156,Theresa,Carroll,Buchanan,,,,,,,,,,,Female,White,,
mag-155,Thomas,Rawles,Jones,Jr.,,,,,,,,,,Male,,,
mag-163,Robert,J.,Krask,,,,,,,,,,,Male,,,
mag-160,Lawrence,Richard,Leonard,,,,,,,,,,,Male,White,,
mag-159,Douglas,E.,Miller,,,,,,,,,,,Male,,Episcopalian,
mag-162,Michael,S.,Nachmanoff,,,,,,,,,,,Male,White,,
mag-165,Robert,S.,Ballou,,,,,,,,,,,Male,White,Presbyterian,
mag-166,Joel,C.,Hoppe,,,,,,,,,,,Male,,,
mag-164,Pamela,M.,Sargent,,,,,,,,,,,Female,,,
mag-586,Mary,K.,Dimke,,,,,,,,,,,Female,White,,
mag-585,John,T.,Rodgers,,,,,,,,,,,Male,White,,
mag-591,Theresa,L.,Fricke,,,,,,,,,,,Female,White,,
mag-592,Michelle,L,Peterson,,,,,,,,,,,Female,,,
mag-595,Karen,L.,Strombom,,,,,,,,,,,Female,White,,
mag-587,Mary,Alice,Theiler,,,,,,,,,,,Female,White,,
mag-588,Brian,A.,Tsuchida,,,,,,,,,,,Male,Asian,,
mag-594,John,L.,Weinberg,,,,,,,,,,,Male,White,,
mag-168,Michael,J.,Aloi,,,1958-04-15,,,,,,,,Male,White,,
mag-167,Robert,W.,Trumble,,,,,,,,,,,Male,White,,
mag-171,Dwane,L.,Tinsley,,,,,,,,,,,Male,Black,,
mag-404,Nancy,,Joseph,,,1968,,,Haiti,,,,,Female,Black,,
mag-405,William,E.,Duffin,,,,,,,,,,,Male,White,,
mag-406,David,E.,Jones,,,,,,,,,,,Male,White,,
mag-407,James,R.,Sickel,,,,,,,,,,,Male,White,,
mag-410,William,E.,Callahan,Jr.,,,,,,,,,,Male,White,,
mag-411,Stephen,L.,Crocker,,,,,,,,,,,Male,White,,
mag-412,Peter,A.,Oppeneer,,,,,,,,,,,Male,,,
mag-640,Mark,Laurence,Carman,,,,,,,,,,,Male,White,,
mag-642,Teresa,M.,McKee,,,1954,,,,,,,,Female,White,,
mag-641,Robert,Michael,Shickich,,Michael,1956-03-01,,,,,,,,Male,White,,
mag-652,Stephen,C.,Dries,,,,,,,,,,,Male,,,
bnk-2,Clifton,R.,Jessup,Jr.,,,,,,,,,,Male,Black,,
mag-653,David,Brock,Hornby,,,,Brandon,Manitoba,Canada,,,,,Male,,,
bnk-3,Jennifer,Harris,Henderson,,Jenny,,,,United States of America,,,,,Female,White,,
bnk-4,Tamara,Olen,Mitchell,,,,,,,,,,,Female,Black,,
bnk-5,James,Jack,Robinson,,Jim,,,,,,,,,Male,,,
bnk-6,William,R.,Sawyer,,,,Winterset,IA,United States of America,,,,,Male,,,
bnk-7,Bess,M.,Parrish Creswell,,,,Edenton,NC,United States of America,,,,,Female,White,,
bnk-8,Henry,A.,Callaway,,,,,,,,,,,Male,White,,Democrat
bnk-9,Jerry,C.,Oldshue,Jr.,Buddy,1962,Birmingham,AL,United States of America,,,,,Male,White,,
bnk-10,Gary,Allan,Spraker,,,,,,,,,,,Male,White,,
bnk-11,Brenda,Moody,Whinery,,,1960,Tucson,AZ,United States of America,,,,,Female,White,,
bnk-12,Eddward,Phillip,Ballinger,Jr.,,1953,Columbus,OH,United States of America,,,,,Male,White,,
bnk-13,Daniel,P.,Collins,,,,,,,,,,,Male,White,,
bnk-14,Scott,H.,Gan,,,,,,,,,,,Male,White,,
bnk-15,Brenda,Kay,Martin,,,,Tacoma,WA,United States of America,,,,,Female,White,,
bnk-16,Paul,,Sala,,,,,,,,,,,Male,Hispanic,,
bnk-17,Madeleine,C.,Wanslee,,,,,,,,,,,Female,White,,
bnk-18,Redfield,T.,Baum,Sr.,,,,,,,,,,Male,White,,
bnk-19,Ben,Thomas,Barry,,,,,,,,,,,Male,,,
bnk-20,Phyllis,M.,Jones,,,1957,,,,,,,,Female,White,,
bnk-21,Richard,D.,Taylor,,,,,,,,,,,Male,,,
bnk-22,Maureen,A.,Tighe,,,,Neptune,NJ,United States of America,,,,,Female,White,,
bnk-23,Neil,W.,Bason,,,1962,,DC,,,,,,Male,White,,
bnk-24,Sheri,A.,Bluebond,,,1961-05-15,Los Angeles,CA,United States of America,,,,,Female,,Jewish,
bnk-25,Julia,Wagner,Brand,,,1958,Seattle,WA,,,,,,Female,White,,
bnk-26,Sandra,R.,Klein,,,,,,,,,,,Female,White,,
bnk-27,Robert,Neil,Kwan,,,,,,,,,,,Male,Asian-American,,
bnk-28,Ernest,Marin,Robles,,,1956-09-24,,,Mexico,,,,,Male,Hispanic,,Republican
bnk-29,Barry,,Russell,,,,,,,,,,,Male,White,,
bnk-30,Vincent,Phillip,Zurzolo,,,,,,,,,,,Male,White,,
bnk-31,Deborah,Jane,Saltzman,,,,,NY,,,,,,Female,White,,
bnk-32,Peter,Hugh,Carroll,,,1952,,,,,,,,Male,White,,
bnk-33,Mark,Dominique,Houle,,,1966,Lowell,MA,United States of America,,,,,Male,White,,
bnk-34,Wayne,Edward,Johnson,,,,,,,,,,,Male,White,,
bnk-35,Scott,Ho,Yun,,,,Seoul,,South Korea,,,,,Male,Asian-American,,
bnk-36,Scott,Charles,Clarkson,,,,,,,,,,,Male,White,,
bnk-37,Mark,Stanley,Wallace,,,1954-01-02,Paterson,NJ,United States of America,,,,,Male,,,
bnk-38,Victoria,Suzanne,Kaufman,,,,,,,,,,,Female,White,,
bnk-39,Theodor,Charles,Albert,,,,,,,,,,,Male,White,,
bnk-40,Catherine,Ellen,Bauer,,,,,,,,,,,Female,White,,
bnk-41,Erithe,A.,Smith,,,,Los Angeles,CA,,,,,,Female,Black,,
bnk-42,Robin,Lee,Riblet,,,,,,,,,,,Female,White,,
bnk-43,Alan,Morse,Ahart,,,,,,,,,,,Male,White,,
bnk-44,Geraldine,,Mund,,,,,,,,,,,Female,,Jewish,
bnk-46,Ronald,Hubert,Sargis,,,,,,,,,,,Male,White,Episcopalian,
bnk-47,Fredrick,Edward,Clement,,,,San Luis Obispo,CA,United States of America,,,,,Male,White,,
bnk-48,Rene,,Lastreto,II,,1956,,,,,,,,Male,Hispanic,,
bnk-49,Robert,Stewart,Bardwil,,,,,,,,,,,Male,,,
bnk-50,Christopher,D.,Jaime,,,1967,Sacramento,CA,United States of America,,,,,Male,Hispanic,,
bnk-51,Christopher,Miller,Klein,,,,,,,,,,,Male,White,,
bnk-52,Michael,S.,McManus,,,,,,,,,,,Male,,,
bnk-53,Charles,Daniel,Novack,,,1958-11-27,New York,NY,United States of America,,,,,Male,White,,
bnk-54,Roger,Lloyd,Efremsky,,,,Castro Valley,CA,United States of America,,,,,Male,White,,
bnk-55,William,James,Lafferty,III,,,,,,,,,,Male,White,,
bnk-56,Hannah,Lee,Blumenstiel,,,1967,Alliance,OH,United States of America,,,,,Female,White,,
bnk-57,Dennis,James,Montali,,,1940,San Francisco,CA,,,,,,Male,White,,
bnk-58,Mary,Elaine,Hammond,,Elaine,1970,Charlotte,NC,,,,,,Female,White,,
bnk-59,Stephen,Lawrence,Johnson,,,,,,,,,,,Male,White,,
bnk-60,Margaret,Mary,Mann,,,,Chicago,IL,United States of America,,,,,Female,,Catholic,
bnk-61,Louise,DeCarl,Adler,,,1945-05-15,Chicago,IL,United States of America,,,,,Female,White,,
bnk-62,Christopher,Burrus,Latham,,,1965,,,,,,,,Male,White,,
bnk-63,Laura,Stuart,Taylor,,,,Winston-Salem,NC,United States of America,,,,,Female,,,
bnk-64,Michael,E.,Romero,,,,,,,,,,,Male,Hispanic,,
bnk-65,Joseph,G.,Rosania,,,,,,,,,,,Male,White,,
bnk-66,Kimberley,H.,Tyson,,,,,,,,,,,Female,White,,
bnk-67,Thomas,B.,McNamara,,,,,,,,,,,Male,White,,
bnk-68,Elizabeth,E.,Brown,,,,,,,,,,,Female,White,,
bnk-69,Cathleen,D.,Parker,,Casey,,,,,,,,,Female,White,,
bnk-70,Julie,A.,Manning,,,,,,,,,,,Female,White,,
bnk-71,Ann,M.,Nevins,,,,,,,,,,,Female,,,
bnk-72,James,J.,Tancredi,,Jim,,Hartford,CT,United States of America,,,,,Male,White,,
bnk-73,Elizabeth,L.,Gunn,,,,,,,,,,,Female,White,,
bnk-74,Michael,G.,Williamson,,Mike,1951,Westpoint,NY,United States of America,,,,,Male,White,,
bnk-75,Jerry,A.,Funk,,,,Dalton,GA,,,,,,Male,White,,
bnk-76,Cynthia,Carson,Jackson,,,,,,,,,,,Female,White,,
bnk-77,Karen,S.,Jennemann,,,,,,,,,,,Female,White,,
bnk-78,Roberta,A.,Colton,,,,,,,,,,,Female,White,,
bnk-79,Catherine,Peek,McEwen,,,1956-03-16,,DC,United States of America,,,,,Female,White,,
bnk-80,Caryl,Emerson,Delano,,,,,,,,,,,Female,White,,
bnk-81,Lori,V.,Vaughan,,,,,,,,,,,Female,White,,
bnk-82,Arthur,Bennett,Briskman,,,1947-07-24,Philadelphia,PA,United States of America,,,,,Male,White,,
bnk-83,Karen,Kinkennon,Specie,,,,,,,,,,,Female,White,,
bnk-84,Lewis,Martin,Killian,Jr.,,,,,,,,,,Male,,,
bnk-85,G.,Michael,Halfenger,,,,,,,,,,,Male,White,,
bnk-86,Beth,Ermatinger,Hanan,,,,,,,,,,,Female,White,,
bnk-87,Katherine,Maloney,Perhach,,Katie,,,,,,,,,Female,White,,
bnk-88,Rachel,M.,Blise,,,,,,,,,,,Female,White,,
bnk-89,Catherine,J.,Furay,,Cate,,,,,,,,,Female,White,,Republican
bnk-90,William,V.,Altenberger,,,1935-07-10,East St. Louis,IL,United States of America,,,,,Male,,,
bnk-91,Thomas,M.,Lynch,,,,,,,,,,,Male,White,,
bnk-92,David,L.,Bissett,,,,,,,,,,,Male,White,,Republican
bnk-93,Becker,McKay,Mignault,,,,,,,,,,,Female,,,
bnk-94,Frederick,Philip,Corbit,,,,,,,,,,,Male,White,,
bnk-95,Whitman,Lee,Holt,,,,,MT,United States of America,,,,,Male,White,,
bnk-96,Brian,D.,Lynch,,,,,,,,,,,Male,White,,
bnk-97,Christopher,Mark,Alston,,,,New Brunswick,NJ,United States of America,,,,,Male,Black,,Democrat
bnk-98,Marc,L.,Barreca,,,,,,,,,,,Male,Hispanic,,
bnk-99,Timothy,William,Dore,,Tim,,,,,,,,,Male,White,,
bnk-100,Mary,Jo,Heston,,,,Seattle,WA,United States of America,,,,,Female,White,,
bnk-101,Thomas,J.,Catliota,,,,,,,,,,,Male,White,,
bnk-102,Nancy,V.,Alquist,,,1956,Philadelphia,PA,United States of America,,,,,Female,White,,
bnk-103,Robert,A.,Gordon,,,,,,,,,,,Male,Black,,
bnk-104,Michelle,M.,Harner,,,,,,,,,,,Female,White,,
bnk-105,David,Eugene,Rice,,,,Duncan,OK,United States of America,,,,,Male,White,,
bnk-106,Maria,Ellena,Chavez-Ruark,,,,,,,,,,,Female,Hispanic,,
bnk-107,Lori,Schultz,Simpson,,,,,,,,,,,Female,White,,
bnk-108,Duncan,W.,Keir,,,1946,Baltimore,MD,United States of America,,,,,Male,White,,
bnk-109,James,F.,Schneider,,,1947-11-18,Baltimore,MD,United States of America,2020-04-06,Baltimore,MD,United States of America,Male,White,Presbyterian,
bnk-110,Wendelin,Isadora,Lipp,,,1952-01-27,Rockville,MD,United States of America,2019-11-26,,,United States of America,Female,,Jewish,
bnk-111,Christopher,J.,Panos,,,,,,,,,,,Male,White,,
bnk-112,Frank,J.,Bailey,,,,,,,,,,,Male,White,,
bnk-113,Janet,E.,Bostwick,,,,,,,,,,,Female,White,,
bnk-114,Melvin,S.,Hoffman,,,,,,,,,,,Male,White,,
bnk-115,Elizabeth,D.,Katz,,,,,,,,,,,Female,White,,
bnk-116,Daniel,S.,Opperman,,,1956-09,Millington,MI,United States of America,,,,,Male,White,,
bnk-117,Joel,David,Applebaum,,,,,,,,,,,Male,White,Jewish,
bnk-118,Maria,L.,Oxholm,,,,,,,,,,,Female,Hispanic,,
bnk-119,Mark,A.,Randon,,,,,,,,,,,Male,Black,,
bnk-120,Phillip,J.,Shefferly,,,,,,,,,,,Male,White,,
bnk-121,Thomas,J.,Tucker,,,1956-07-31,Alton,IL,United States of America,,,,,Male,White,Catholic,
bnk-122,Lisa,Sommers,Gretchko,,,,,,,,,,,Female,,,
bnk-123,Scott,W.,Dales,,,,,,,,,,,Male,White,,
bnk-124,James,W.,Boyd,,,,,,,,,,,Male,White,,
bnk-125,John,T.,Gregg,,,,,,,,,,,Male,White,,
bnk-126,Michael,E.,Ridgway,,,,,,,,,,,Male,White,,
bnk-127,Kathleen,Hvass,Sanberg,,,,Minneapolis,MN,United States of America,,,,,Female,White,,
bnk-128,Katherine,A.,Constantine,,,,,,,,,,,Female,White,,
bnk-129,William,J.,Fisher,,,,,,,,,,,Male,White,,
bnk-130,Robert,J.,Kressel,,,,,,,,,,,Male,White,,
bnk-131,Jason,D.,Woodard,,,,,,,,,,,Male,White,,
bnk-132,Selene,Dunn,Maddox,,,,,,,,,,,Female,,Christian,
bnk-133,Katharine,Malley,Samson,,,,,,,,,,,Female,,,
bnk-134,Neil,Peter,Olack,,,,,,,,,,,Male,White,,
bnk-135,Kathy,Ann,Surratt-States,,,1967-01-04,Tulsa,OK,United States of America,,,,,Female,Black,Catholic,
bnk-136,Barry,S.,Schermer,,,,,,,,,,,Male,White,Jewish,
bnk-137,Brian,Todd,Fenimore,,,,,,,,,,,Male,White,,
bnk-138,Dennis,R.,Dow,,,1953-08-29,Sapporo,,Japan,,,,,Male,White,Lutheran,
bnk-139,Cynthia,A.,Norton,,,,Manhattan,KS,United States of America,,,,,Female,White,,
bnk-140,Benjamin,Philip,Hursh,,,,Columbus,OH,United States of America,,,,,Male,White,,
bnk-141,Thomas,L.,Saladino,,,,,,,,,,,Male,White,,
bnk-142,August,B.,Landis,,,,,,,,,,,Male,White,,
bnk-143,Natalie,M.,Cox,,,,Kodiak,AK,United States of America,,,,,Female,White,,
bnk-144,Michael,K.,Nakagawa,,Mike,,Modesto,CA,United States of America,,,,,Male,Asian-American,,
bnk-145,Bruce,T.,Beesley,,,,,OR,United States of America,,,,,Male,White,,
bnk-146,Gregg,W.,Zive,,,,,,,,,,,Male,White,,
bnk-147,Bruce,A.,Harwood,,,,,,,,,,,Male,White,,
bnk-148,Michael,B.,Kaplan,,,1962-04-10,Jersey City,NJ,United States of America,,,,,Male,White,,Republican
bnk-149,Andrew,B.,Altenburg,Jr.,,,,,,,,,,Male,White,,
bnk-150,Kathryn,C.,Ferguson,,,1958,New Brunswick,NJ,United States of America,,,,,Female,White,,
bnk-151,Rosemary,,Gambardella,,,1955,Orange,NJ,United States of America,,,,,Female,White,,
bnk-152,Christine,M.,Gravelle,,,,,,,,,,,Female,White,,
bnk-153,Stacey,L.,Meisel,,,1969-08-18,,,,,,,,Female,Black,,Democrat
bnk-154,Vincent,F.,Papalia,,,,,,,,,,,Male,White,,
bnk-155,Jerrold,N.,Poslusny,Jr.,,,,,,,,,,Male,White,,
bnk-156,John,K.,Sherwood,,,,,,,,,,,Male,White,,
bnk-157,Robert,H.,Jacobvitz,,,,,,,,,,,Male,White,,
bnk-158,David,Tenbroeck,Thuma,,,,,IN,United States of America,,,,,Male,White,,
bnk-159,Alan,S.,Trust,,,,,,,,,,,Male,White,,
bnk-160,Robert,E.,Grossman,,,,,,,,,,,Male,White,,
bnk-161,Nancy,Hershey,Lord,,,,,,,,,,,Female,,,
bnk-162,Louis,A.,Scarcella,,,,,,,,,,,Male,White,,
bnk-163,Elizabeth,Snow,Stong,,,,,,,,,,,Female,White,,
bnk-164,Margaret,,Cangilos-Ruiz,,,,,,,,,,,Female,Hispanic,,
bnk-165,Diane,,Davis,,,,,,,,,,,Female,White,,
bnk-166,Robert,E.,Littlefield,Jr.,,,,,,,,,,Male,,,
bnk-167,Brian,Steven,Kruse,,,,,,,,,,,Male,White,,
bnk-168,Linda,B.,Riegle,,,,,,,,,,,Female,,,
bnk-169,Laurel,Elizabeth,Babero,,,,,,,2018-11-19,,,,Female,White,,
bnk-170,Cecelia,G.,Morris,,,1946,Quanah,TX,United States of America,,,,,Female,White,,
bnk-171,Stuart,M.,Bernstein,,,,,,,,,,,Male,White,,
bnk-172,Shelley,Clauson,Chapman,,,,,,,,,,,Female,White,Jewish,
bnk-173,Robert,D.,Drain,,,,,,,,,,,Male,White,,
bnk-174,James,L.,Garrity,Jr.,,,,,,,,,,Male,White,,
bnk-175,Martin,,Glenn,,,,,,,,,,,Male,White,,
bnk-176,Sean,H.,Lane,,,,,,,,,,,Male,White,,
bnk-177,Michael,E.,Wiles,,,,,,,,,,,Male,White,,
bnk-178,Stephani,W.,Humrickhouse,,,,,,,,,,,Female,White,,
bnk-179,Joseph,N.,Callaway,,,,,,,,,,,Male,White,,
bnk-180,David,M.,Warren,,,,,,,,,,,Male,White,,Republican
bnk-181,Lena,M.,James,,,,,,,,,,,Female,,,
bnk-182,Catharine,R.,Aron,,,,,,,,,,,Female,,,
bnk-183,Benjamin,A.,Kahn,,,1967-05-02,Durham,NC,United States of America,,,,,Male,White,,
bnk-184,Laura,Turner,Beyer,,,1971,Tifton,GA,United States of America,,,,,Female,White,,
bnk-185,J.,Craig,Whitley,,,,,,,,,,,Male,,,
bnk-186,George,R.,Hodges,,,,,,,,,,,Male,White,,
bnk-187,Mary,Ann,Whipple,,,,Ann Arbor,MI,United States of America,,,,,Female,White,,
bnk-188,John,P.,Gustafson,,,1964-04-05,Cincinnati,OH,United States of America,,,,,Male,White,,
bnk-189,Arthur,Isaac,Harris,,,,,,,,,,,Male,White,,
bnk-190,Russ,,Kendig,,,,,,,,,,,Male,White,,
bnk-191,Alan,Martin,Koschik,,,,,,,,,,,Male,White,,
bnk-192,Jessica,Elaine,Price Smith,,,,,,,,,,,Female,Black,,
bnk-193,Jeffery,P.,Hopkins,,,,,,,,,,,Male,Black,,
bnk-194,Beth,A.,Buchanan,,,,,,,,,,,Female,White,,
bnk-195,John,E.,Hoffman,Jr.,,,,,,,,,,Male,White,,
bnk-196,Guy,R.,Humphrey,,,,,,,,,,,Male,White,,
bnk-197,C.,Kathryn,Preston,,,,,,,,,,,Female,,,
bnk-198,Tom,R.,Cornish,,,1944-08,Fort Worth,TX,United States of America,,,,,Male,White,,
bnk-199,Dana,L.,Rasure,,,1952,Goodland,KS,United States of America,,,,,Female,White,,
bnk-200,Terrence,L.,Michael,,,1958,Columbus,OH,United States of America,,,,,Male,White,,
bnk-201,Janice,D.,Loyd,,,,,,,,,,,Female,White,,
bnk-202,Sarah,Alexander,Hall,,,1964,New Orleans,LA,United States of America,,,,,Female,White,,
bnk-203,Patricia,M.,Brown,,Trish,1956-09-11,Billings,MT,United States of America,,,,,Female,White,Unitarian,
bnk-204,Thomas,M.,Renn,,,1959,Minneapolis,MN,United States of America,,,,,Male,White,,
bnk-205,David,W.,Hercher,,,,Medford,OR,United States of America,,,,,Male,White,,
bnk-206,Peter,C.,McKittrick,,,,St. Louis,MO,United States of America,,,,,Male,White,,
bnk-207,Magdeline,D.,Coleman,,,,,LA,United States of America,,,,,Female,Black,,
bnk-208,Lisa,G.,Beckerman,,,,,,,,,,,Female,White,,
bnk-209,Jil,,Mazer-Marino,,,,,,,,,,,Female,White,,
bnk-210,Carl,L.,Bucki,,,,,,,,,,,Male,White,,
bnk-211,Michael,J.,Kaplan,,,,,,,,,,,Male,,,
bnk-212,Paul,R.,Warren,,,,,,,,,,,Male,White,,
bnk-213,Richard,L.,Speer,,,1941-08-14,Norwalk,OH,United States of America,2013-04-03,Toledo,OH,United States of America,Male,White,,
bnk-214,Tiiara,N.A.,Patton,,,,,,,,,,,Female,Black,,
bnk-215,Ashely,M.,Chan,,,,,,,,,,,Female,Asian-American,,
bnk-216,Eric,L.,Frank,,,,,,,,,,,Male,White,,
bnk-217,Patricia,M.,Mayer,,Trish,,,,,,,,,Female,White,,
bnk-218,Henry,W.,Van Eck,,,,,,,,,,,Male,White,,
bnk-219,Robert,N.,Opel,II,,,,,,,,,,Male,White,,
bnk-220,Diane,,Finkle,,,,,,,,,,,Female,White,,
bnk-221,Helen,Elizabeth,Burris,,,,,,,,,,,Female,White,,
bnk-222,David,R.,Duncan,,,,,,,,,,,Male,White,,
bnk-223,John,E.,Waites,,,,,,,,,,,Male,White,,
bnk-224,Charles,L.,Nail,Jr.,,,,,,,,,,Male,White,,
bnk-225,Shelley,D.,Rucker,,,,,,,,,,,Female,White,,
bnk-226,Suzanne,H.,Bauknight,,,,Hickory,NC,United States of America,,,,,Female,White,,
bnk-227,Nicholas,W.,Whittenburg,,,,Crossville,TN,United States of America,,,,,Male,White,,
bnk-228,Marian,Forrest,Harrison,,,,,,,,,,,Female,White,,
bnk-229,Randal,S.,Mashburn,,,,,,,,,,,Male,White,,
bnk-230,Charles,M.,Walker,,Chuck,,,,,,,,,Male,Black,,
bnk-231,David,S.,Kennedy,,,1944,,,,,,,,Male,White,,
bnk-232,James,L.,Croom,,Jimmy,,,,,,,,,Male,White,,
bnk-233,Jennie,Davidson,Latta,,,,Memphis,TN,United States of America,,,,,Female,White,Catholic,
bnk-234,Martha,Ruthie,Hagan,,Ruthie,,,,,,,,,Female,White,,
bnk-235,Brenda,T.,Rhoades,,,,Seoul,,South Korea,,,,,Female,Asian-American,,
bnk-236,Bill,G.,Parker,,,,,,,,,,,Male,White,,
bnk-237,Harlin,DeWayne,Hale,,Cooter,,Natchez,MS,United States of America,,,,,Male,White,,
bnk-238,Stacey,Gaye Cowand,Jernigan,,,,Dallas,TX,United States of America,,,,,Female,White,,
bnk-239,Michelle,Vonsenden,Larson,,,,,,,,,,,Female,White,,
bnk-240,Edward,Lee,Morris,,,,,,,,,,,Male,White,,
bnk-241,Mark,X.,Mullin,,,,,,,,,,,Male,White,,
bnk-242,Robert,L.,Jones,,,,,,,,,,,Male,White,,
bnk-279,Jeffery,W.,Cavender,,,1968,,,,,,,,Male,White,,
bnk-280,Lisa,Anne Ritchey,Craig,,,,,,,,,,,Female,White,,
bnk-281,Barbara,Jane,Ellis-Monro,,,,,,,,,,,Female,,,
bnk-282,James,R.,Sacca,,,,,,,,,,,Male,White,,
bnk-283,Sage,McKinley,Sigler,,,,,,,,,,,Female,White,,
bnk-284,W.,Homer,Drake,Jr.,,,,,,,,,,Male,White,,
bnk-285,Robert,J.,Faris,,,,,,,,,,,Male,White,,
bnk-286,Joseph,M.,Meier,,,,,,,,,,,Male,White,,
bnk-287,Terry,L.,Myers,,,,,ID,United States of America,,,,,Male,,,
bnk-288,Jim,D.,Pappas,,,,Pocatello,ID,United States of America,,,,,Male,White,,
bnk-289,Mary,Patricia,Gorman,,,1952,,,,,,,,Female,White,,
bnk-290,Thomas,L.,Perkins,,,,,,,,,,,Male,White,,
bnk-292,Pamela,S.,Hollis,,,,,,,,,,,Female,White,,
bnk-293,Janet,Steffes,Baer,,,,,,,,,,,Female,White,,
bnk-294,Timothy,A.,Barnes,,,,,,,,,,,Male,White,,
bnk-295,Donald,R.,Cassling,,,,,,,,,,,Male,White,,
bnk-296,Jacqueline,P.,Cox,,,,,,,,,,,Female,Black,,
bnk-297,Carol,A.,Doyle,,,,,,,,,,,Female,White,,
bnk-298,A.,Benjamin,Goldgar,,,1957-01-15,Princeton,NJ,United States of America,,,,,Male,White,,
bnk-299,LaShonda,A.,Hunt,,,,,,,,,,,Female,Black,,
bnk-300,Thomas,M.,Lynch,,,,,,,,,,,Male,,,
bnk-301,Jack,B.,Schmetterer,,,1931-04-11,Chicago,IL,United States of America,,,,,Male,White,Jewish,
bnk-302,Deborah,L.,Thorne,,,,,,,,,,,Female,White,,
bnk-303,Laura,Koeneman,Grandy,,,1959,St. Clair County,IL,United States of America,,,,,Female,White,,
bnk-304,Robert,E.,Grant,,,,,,,,,,,Male,,,
bnk-305,James,R.,Ahler,,Jamie,,,,,,,,,Male,White,,Republican
bnk-306,Russell,Kent,Lindquist,,Kent,,,,,,,,,Male,White,,
bnk-307,Robyn,L.,Moberly,,,1953-11-20,Palo Alto,CA,United States of America,,,,,Female,White,,Republican
bnk-308,James,M.,Carr,,,,,,,,,,,Male,White,,
bnk-309,Jeffrey,J.,Graham,,,,,ND,,,,,,Male,White,,
bnk-310,Andrea,K.,McCord,,,,Mitchell,IN,United States of America,,,,,Female,White,,Republican
bnk-311,Thad,J.,Collins,,,,,,,,,,,Male,White,,
bnk-312,Anita,Louise,Shodeen,,,,,,,,,,,Female,White,,
bnk-313,Lee,M.,Jackwig,,,,,,,,,,,Female,White,,
bnk-314,Dale,L.,Somers,,,,Norton,KS,United States of America,,,,,Male,White,,
bnk-315,Robert,D.,Berger,,,,,,,,,,,Male,White,,
bnk-316,Robert,E.,Nugent,,,,,,,,,,,Male,,,
bnk-317,Tracey,N.,Wise,,,,,,,,,,,Female,,,
bnk-318,Gregory,R.,Schaff,,,,,,,,,,,Male,,,
bnk-319,Thomas,Harvey,Fulton,,,,,,,,,,,Male,White,,
bnk-320,Joan,A.,Lloyd,,,,,,,,,,,Female,White,,
bnk-321,Alan,C.,Stout,,,,,,,,,,,Male,White,,
bnk-322,Elizabeth,W.,Magner,,,,,,,,,,,Female,White,,
bnk-323,Meredith,Sue,Grabill,,,,,,,,,,,Female,White,,
bnk-324,John,W.,Kolwe,,,,,LA,United States of America,,,,,Male,White,,
bnk-325,Jerry,A.,Brown,,,1932-01-31,Detroit,MI,United States of America,,,,,Male,White,Baptist,
bnk-326,Douglas,D.,Dodd,,,1954-11-05,New Orleans,LA,United States of America,,,,,Male,White,,
bnk-327,Stephen,D.,Wheelis,,,1960-04-21,West Monroe,LA,United States of America,,,,,Male,White,,Republican
bnk-328,John,S.,Hodge,,,,,,,,,,,Male,White,,
bnk-329,Peter,G.,Cary,,,,Springfield,MA,United States of America,,,,,Male,White,,
bnk-330,Michael,A.,Fagone,,,,,,,,,,,Male,White,,
bnk-331,Joshua,Powers,Searcy,,,,,,,,,,,Male,White,,
mag-654,Edward,H.,Keith,,,,Bangor,ME,United States of America,,,,,Male,White,,
mag-655,Eugene,Wilfred,Beaulieu,,,1929-07,Old Town,ME,United States of America,2018-04-29,,,,Male,White,Catholic,
mag-656,Margaret,J.,Kravchuk,,,1948,Pittsburgh,PA,United States of America,,,,,Female,White,,
mag-657,Morris,,Cox,,,,Portland,ME,United States of America,,,,,Male,White,Jewish,
mag-658,Millard,E.,Emanuelson,,,,Monson,ME,United States of America,1989-05-08,,,,Male,White,,
mag-659,Seymour,,Nathanson,,,,Brooklyn,NY,United States of America,1997-08-12,,,,Male,White,,
mag-660,William,K.,Tyler,,,,Fort Madison,IA,United States of America,,,,,Male,White,,
mag-661,Melvyn,,Zarr,,,,Worcester,MA,United States of America,,,,,Male,White,,
mag-662,William,S.,Brownell,,,,Plainfield,NJ,United States of America,,,,,Male,White,,
bnk-243,David,R.,Jones,,,,,NC,United States of America,,,,,Male,White,,
bnk-244,Marvin,P.,Isgur,,,,,,,,,,,Male,White,,
bnk-245,Eduardo,V.,Rodriguez,,,,,,,,,,,Male,Hispanic,,
bnk-246,Jeffrey,P.,Norman,,,,,,England,,,,,Male,White,,
bnk-247,Christopher,M.,Lopez,,,,,,,,,,,Male,Hispanic,,
bnk-248,Ronald,B.,King,,,1953-08-16,San Antonio,TX,United States of America,,,,,Male,White,Presbyterian,
bnk-249,Tony,M.,Davis,,,,,,,,,,,Male,White,,
bnk-250,H.,Christopher,Mott,,,,,,,,,,,Male,White,,
bnk-251,Craig,A.,Gargotta,,,,,,,,,,,Male,White,,
bnk-252,R.,Kimball,Mosier,,,,,,,,,,,Male,,,
bnk-253,Kevin,R.,Anderson,,,,,,,,,,,Male,White,,
bnk-254,Joel,T.,Marker,,,,La Crosse,WI,United States of America,,,,,Male,White,Catholic,
bnk-255,William,T.,Thurman,,,,,,,,,,,Male,White,,
bnk-256,Colleen,A.,Brown,,,,,,,,,,,Female,White,,
bnk-257,Stephen,C.,St. John,,,,,,,,,,,Male,,,
bnk-258,Brian,F.,Kenney,,,,,,,,,,,Male,White,,
bnk-259,Klinette,H.,Kindred,,,,,,,,,,,Female,Black,,
bnk-260,Frank,J.,Santoro,,,,Elyria,OH,United States of America,,,,,Male,White,,
bnk-261,Kevin,R.,Huennekens,,,,,,,,,,,Male,White,,
bnk-262,Keith,L.,Phillips,,,,Richmond,VA,United States of America,,,,,Male,White,,
bnk-263,Rebecca,Buehler,Connelly,,,,,,,,,,,Female,White,,
bnk-264,Paul,Markham,Black,,,,Roanoake,VA,United States of America,,,,,Male,White,,
bnk-265,Laurel,Myerson,Isicoff,,,1957-09-05,New York,NY,United States of America,,,,,Female,White,Jewish,
bnk-266,Scott,M.,Grossman,,,,,,,,,,,Male,White,,
bnk-267,A.,Jay,Cristol,,,1929-09-25,Fountain Hill,PA,United States of America,,,,,Male,White,Jewish,
bnk-268,Robert,A.,Mark,,,1951-04-05,Miami Beach,FL,United States of America,,,,,Male,White,Jewish,
bnk-269,Erik,P.,Kimball,,,,,,,,,,,Male,White,,
bnk-270,Mindy,A.,Mora,,,,,MA,United States of America,,,,,Female,White,Jewish,
bnk-271,Paul,G.,Hyman,,,1952-09-17,Miami,FL,United States of America,,,,,Male,White,,
bnk-272,James,P.,Smith,,,,,,,,,,,Male,White,,
bnk-273,Austin,E.,Carter,,,,,,,,,,,Male,,,
bnk-274,John,T.,Laney,III,,1942-03-27,Columbus,GA,United States of America,,,,,Male,White,Presbyterian,
bnk-275,Wendy,L.,Hagenau,,,,,,,,,,,Female,White,,
bnk-276,Paul,M.,Baisier,,,,,,,,,,,Male,White,,
bnk-277,Paul,W.,Bonapfel,,,,,,,,,,,Male,White,,
bnk-332,David,D.,Cleary,,,,,,,,,,,Male,,,
bnk-333,Mitchell,Lee,Herren,,,,,,,,,,,Male,White,,Republican
